#{"t_start": 1772320774.3450575, "env_id": "None"}
r,l,t
51.57176,3342,46.286807
5698.640091,2917,67.844299
-7737.888437,5727,110.186738
2894.317582,8084,172.242255
2162.396342,4273,204.053015
1415.107944,1173,212.976072
4020.973152,2671,233.043616
1702.958026,1841,246.771152
1445.71258,1797,260.167266
8835.698348,4990,297.289253
-1322.72357,559,301.472981
-67.653083,181,302.868011
124.990411,175,304.206215
236.246984,168,305.513442
4343.579651,2491,324.735157
-1355.88089,65,325.237887
3358.778356,3096,348.96102
3464.818032,2052,364.65414
793.674999,985,372.240563
64.820868,390,375.251692
1386.741848,756,380.881983
-292.27508,158,382.072335
4780.616304,1993,397.034927
2118.865615,2828,417.895625
-1500.419993,230,419.649791
6177.896162,2713,439.81078
-338.493576,831,445.990029
725.594114,553,450.271303
-395.201158,50,450.652893
28.865986,53,451.060048
2178.173732,985,458.55334
4500.213269,2123,474.367075
-1282.943433,205,475.883928
900.44287,497,479.591336
1101.249516,686,484.714035
-311.456487,95,485.440384
70.797636,97,486.186176
25.847713,75,486.767642
152.734512,114,487.633895
1.846273,62,488.106917
145.334191,106,488.907493
337.863231,223,490.594191
743.050066,440,493.902311
2121.15048,1098,502.166514
731.951318,701,507.32533
-408.339723,61,507.768535
3593.654022,1522,519.022657
-223.079784,414,522.09192
449.745425,350,524.737416
378.507698,308,526.985104
900.574528,545,530.955138
1243.918514,724,536.296897
409.145989,449,539.61482
2764.971841,1553,551.033142
3679.321322,1994,565.646035
1412.053599,1221,574.537919
6098.413132,4035,604.0977
2718.455896,2155,620.050282
3404.778742,2474,638.369338
4487.611004,2570,657.551208
264.834775,936,664.495454
1864.120823,1209,673.487463
3750.356006,2002,688.313385
3438.688106,4112,718.87612
2155.791814,1881,732.700916
5738.196361,3352,757.421099
6834.987755,3642,784.487793
-1284.886372,506,788.304627
4515.894574,2176,804.511014
543.562631,1114,812.77527
2896.028321,2359,830.06606
7167.839492,3629,857.013144
481.471736,1323,866.77877
10489.792772,5759,909.240605
-2514.968466,130,910.221419
2257.076524,8186,971.435903
1268.859672,136,972.444193
2484.374379,1136,981.014778
-224.120844,236,982.754322
522.528816,303,985.010634
149.763283,177,986.339389
342.935741,208,987.852062
367.744857,241,989.633115
2617.20925,1444,1000.350194
4173.133995,6712,1050.741282
-448.52513,838,1057.175869
4638.289021,3046,1080.617616
8546.419276,5758,1125.008001
2613.706548,1810,1138.943669
6442.635659,15000,1251.702283
-502.635801,9477,1323.916277
10629.268514,4517,1358.822014
-1191.193947,15000,1470.198041
1436.504328,799,1476.11041
9147.556217,6782,1526.233342
6282.683957,3670,1553.317436
1206.954628,1368,1563.425889
1961.899925,1258,1573.073043
8566.604528,6773,1624.781113
6075.644386,6463,1672.291861
2796.100752,3245,1696.148141
4762.411637,2682,1715.952561
-743.26381,354,1718.588375
11496.756053,4732,1753.393492
1244.061644,1802,1767.254991
4124.471119,2824,1788.965357
-1362.546823,93,1789.695556
9849.124939,3942,1819.375291
1083.479223,1380,1829.631401
1739.087702,1030,1837.346446
1987.833814,1047,1845.225758
5220.548343,3531,1871.584435
8055.307951,4952,1908.327097
6604.559068,4410,1941.279943
4418.652429,9689,2013.900467
11263.872451,5727,2056.521078
505.559482,1556,2068.115888
8790.732806,4240,2099.716587
343.89745,8363,2162.049023
7528.408488,3266,2186.418303
4852.957741,7023,2238.69257
8856.130237,5958,2282.977623
6841.60029,5052,2320.881231
4960.967649,6703,2371.407086
271.886179,1002,2378.87441
-508.302677,95,2379.582474
6014.685698,2733,2399.900387
3868.813004,2801,2420.792001
-1216.223434,102,2421.540919
167.793734,120,2422.468238
6268.772618,5913,2467.067616
8570.546508,5991,2512.537424
-1223.699098,788,2518.418453
1849.228793,1372,2528.638958
1700.146561,1088,2536.692045
748.380874,874,2543.234887
1877.553245,957,2550.345506
1511.341756,1032,2558.119242
2477.303769,1643,2570.270984
6636.519317,5963,2614.841433
2972.208705,3920,2644.210183
1437.170722,1825,2657.958663
6647.323722,9314,2727.656619
5591.436162,5944,2772.873162
9624.870334,5271,2812.236442
7076.663145,5980,2856.804426
6502.117115,4232,2888.647314
-1155.320059,827,2894.84073
2775.627229,1422,2905.333233
5273.800762,6847,2956.421564
7875.769303,4522,2990.440346
2984.270674,6997,3043.222629
4058.276429,7867,3102.957361
5924.527467,6630,3153.657384
3251.718878,10516,3232.497514
1748.307553,1166,3241.250322
435.4639,8274,3303.552201
1458.312152,7307,3358.272118
3976.44589,2083,3374.090157
954.59777,8413,3437.448067
408.197379,7552,3494.469471
7012.972899,3025,3517.266064
3517.986146,8402,3580.974541
3794.4129,2764,3601.782262
4488.882431,3426,3627.441582
628.02766,1286,3637.266424
468.055337,605,3641.887311
1544.934919,909,3648.886072
219.994234,371,3651.758448
1157.152857,647,3656.709839
813.999583,593,3661.190432
7909.359838,4167,3692.478317
-276.898173,842,3698.904817
423.987773,514,3702.853631
2980.478891,1717,3715.734913
6157.628435,3536,3742.221261
3558.525304,2433,3760.798902
2343.983137,1571,3772.582644
450.873783,1136,3781.142792
8283.318579,4157,3812.494
5906.44808,4603,3847.395061
7432.579405,4677,3882.674696
9.746368,2473,3901.362429
710.391542,884,3908.319619
546.140699,645,3913.21407
920.14102,792,3927.704939
1743.973501,1325,3937.548215
2027.775247,1229,3946.813469
2513.823408,1377,3957.012186
5609.765814,2575,3976.118233
-1312.986815,9698,4050.470373
8162.1561,4216,4081.557164
218.605273,3442,4106.829835
3488.180779,2564,4125.702604
2954.925954,13625,4227.847729
5776.539387,7831,4287.609188
5792.308356,4601,4322.859197
2090.755969,8582,4387.692518
7860.582545,4516,4421.366083
8373.051224,6113,4468.289224
5800.83644,7511,4524.785428
-286.492828,710,4530.078265
1170.261747,750,4535.729166
3802.763638,7865,4594.929155
3877.602092,2648,4614.941602
113.295002,802,4620.91049
1996.883528,1336,4631.01047
4460.620752,2894,4652.827928
4904.079526,4776,4689.282325
2256.310893,3822,4718.207255
